crop_name,adm_id,date,twso
wheat,HR03,20010120,NaN
wheat,HR04,20010120,NaN
wheat,HR03,20010131,NaN
wheat,HR04,20010131,NaN
wheat,HR03,20010210,NaN
wheat,HR04,20010210,NaN
wheat,HR03,20010220,NaN
wheat,HR04,20010220,NaN
wheat,HR03,20010228,NaN
wheat,HR04,20010228,NaN
wheat,HR03,20010310,NaN
wheat,HR04,20010310,NaN
wheat,HR03,20010320,NaN
wheat,HR04,20010320,0.0
wheat,HR03,20010331,NaN
wheat,HR04,20010331,0.0
wheat,HR03,20010410,NaN
wheat,HR04,20010410,0.0
wheat,HR03,20010420,NaN
wheat,HR04,20010420,0.0
wheat,HR03,20010430,NaN
wheat,HR04,20010430,0.0
wheat,HR03,20010510,NaN
wheat,HR04,20010510,0.0
wheat,HR03,20010520,NaN
wheat,HR04,20010520,0.0
wheat,HR03,20010531,NaN
wheat,HR04,20010531,0.0
wheat,HR03,20010610,NaN
wheat,HR04,20010610,0.0
wheat,HR03,20010620,NaN
wheat,HR04,20010620,1190.7708740234375
wheat,HR03,20010630,NaN
wheat,HR04,20010630,2706.617431640625
wheat,HR03,20010710,NaN
wheat,HR04,20010710,4201.68115234375
wheat,HR03,20010720,NaN
wheat,HR04,20010720,5320.0673828125
wheat,HR03,20010731,NaN
wheat,HR04,20010731,5941.6474609375
wheat,HR03,20010810,NaN
wheat,HR04,20010810,6327.9658203125
wheat,HR03,20010820,NaN
wheat,HR04,20010820,6327.9658203125
wheat,HR03,20010831,NaN
wheat,HR04,20010831,6327.9658203125
wheat,HR03,20010910,NaN
wheat,HR04,20010910,6327.9658203125
wheat,HR03,20010920,NaN
wheat,HR04,20010920,6327.9658203125
wheat,HR03,20010930,NaN
wheat,HR04,20010930,6327.9658203125
wheat,HR03,20011010,NaN
wheat,HR04,20011010,6327.9658203125
wheat,HR03,20011020,NaN
wheat,HR04,20011020,6327.9658203125
wheat,HR03,20011031,NaN
wheat,HR04,20011031,6327.9658203125
wheat,HR03,20011110,NaN
wheat,HR04,20011110,6327.9658203125
wheat,HR03,20011120,NaN
wheat,HR04,20011120,6327.9658203125
wheat,HR03,20011130,NaN
wheat,HR04,20011130,6327.9658203125
wheat,HR03,20011210,NaN
wheat,HR04,20011210,6327.9658203125
wheat,HR03,20011220,NaN
wheat,HR04,20011220,6327.9658203125
wheat,HR03,20011231,NaN
wheat,HR04,20011231,6327.9658203125
wheat,HR03,20020120,NaN
wheat,HR04,20020120,NaN
wheat,HR03,20020131,NaN
wheat,HR04,20020131,NaN
wheat,HR03,20020210,NaN
wheat,HR04,20020210,NaN
wheat,HR03,20020220,NaN
wheat,HR04,20020220,NaN
wheat,HR03,20020228,NaN
wheat,HR04,20020228,NaN
wheat,HR03,20020310,NaN
wheat,HR04,20020310,NaN
wheat,HR03,20020320,NaN
wheat,HR04,20020320,0.0
wheat,HR03,20020331,NaN
wheat,HR04,20020331,0.0
wheat,HR03,20020410,NaN
wheat,HR04,20020410,0.0
wheat,HR03,20020420,NaN
wheat,HR04,20020420,0.0
wheat,HR03,20020430,NaN
wheat,HR04,20020430,0.0
wheat,HR03,20020510,NaN
wheat,HR04,20020510,0.0
wheat,HR03,20020520,NaN
wheat,HR04,20020520,0.0
wheat,HR03,20020531,NaN
wheat,HR04,20020531,0.0
wheat,HR03,20020610,NaN
wheat,HR04,20020610,10.20166301727295
wheat,HR03,20020620,NaN
wheat,HR04,20020620,1621.4351806640625
wheat,HR03,20020630,NaN
wheat,HR04,20020630,3337.495361328125
wheat,HR03,20020710,NaN
wheat,HR04,20020710,4740.88037109375
wheat,HR03,20020720,NaN
wheat,HR04,20020720,5625.31298828125
wheat,HR03,20020731,NaN
wheat,HR04,20020731,6241.94091796875
wheat,HR03,20020810,NaN
wheat,HR04,20020810,6361.96435546875
wheat,HR03,20020820,NaN
wheat,HR04,20020820,6361.96435546875
wheat,HR03,20020831,NaN
wheat,HR04,20020831,6361.96435546875
wheat,HR03,20020910,NaN
wheat,HR04,20020910,6361.96435546875
wheat,HR03,20020920,NaN
wheat,HR04,20020920,6361.96435546875
wheat,HR03,20020930,NaN
wheat,HR04,20020930,6361.96435546875
wheat,HR03,20021010,NaN
wheat,HR04,20021010,6361.96435546875
wheat,HR03,20021020,NaN
wheat,HR04,20021020,6361.96435546875
wheat,HR03,20021031,NaN
wheat,HR04,20021031,6361.96435546875
wheat,HR03,20021110,NaN
wheat,HR04,20021110,6361.96435546875
wheat,HR03,20021120,NaN
wheat,HR04,20021120,6361.96435546875
wheat,HR03,20021130,NaN
wheat,HR04,20021130,6361.96435546875
wheat,HR03,20021210,NaN
wheat,HR04,20021210,6361.96435546875
wheat,HR03,20021220,NaN
wheat,HR04,20021220,6361.96435546875
wheat,HR03,20021231,NaN
wheat,HR04,20021231,6361.96435546875
wheat,HR03,20030120,NaN
wheat,HR04,20030120,NaN
wheat,HR03,20030131,NaN
wheat,HR04,20030131,NaN
wheat,HR03,20030210,NaN
wheat,HR04,20030210,NaN
wheat,HR03,20030220,NaN
wheat,HR04,20030220,NaN
wheat,HR03,20030228,NaN
wheat,HR04,20030228,NaN
wheat,HR03,20030310,NaN
wheat,HR04,20030310,NaN
wheat,HR03,20030320,NaN
wheat,HR04,20030320,0.0
wheat,HR03,20030331,NaN
wheat,HR04,20030331,0.0
wheat,HR03,20030410,NaN
wheat,HR04,20030410,0.0
wheat,HR03,20030420,NaN
wheat,HR04,20030420,0.0
wheat,HR03,20030430,NaN
wheat,HR04,20030430,0.0
wheat,HR03,20030510,NaN
wheat,HR04,20030510,0.0
wheat,HR03,20030520,NaN
wheat,HR04,20030520,0.0
wheat,HR03,20030531,NaN
wheat,HR04,20030531,0.0
wheat,HR03,20030610,NaN
wheat,HR04,20030610,312.49835205078125
wheat,HR03,20030620,NaN
wheat,HR04,20030620,1625.2119140625
wheat,HR03,20030630,NaN
wheat,HR04,20030630,2908.58935546875
wheat,HR03,20030710,NaN
wheat,HR04,20030710,3924.99609375
wheat,HR03,20030720,NaN
wheat,HR04,20030720,4643.708984375
wheat,HR03,20030731,NaN
wheat,HR04,20030731,5071.10986328125
wheat,HR03,20030810,NaN
wheat,HR04,20030810,5075.6416015625
wheat,HR03,20030820,NaN
wheat,HR04,20030820,5075.6416015625
wheat,HR03,20030831,NaN
wheat,HR04,20030831,5075.6416015625
wheat,HR03,20030910,NaN
wheat,HR04,20030910,5075.6416015625
wheat,HR03,20030920,NaN
wheat,HR04,20030920,5075.6416015625
wheat,HR03,20030930,NaN
wheat,HR04,20030930,5075.6416015625
wheat,HR03,20031010,NaN
wheat,HR04,20031010,5075.6416015625
wheat,HR03,20031020,NaN
wheat,HR04,20031020,5075.6416015625
wheat,HR03,20031031,NaN
wheat,HR04,20031031,5075.6416015625
wheat,HR03,20031110,NaN
wheat,HR04,20031110,5075.6416015625
wheat,HR03,20031120,NaN
wheat,HR04,20031120,5075.6416015625
wheat,HR03,20031130,NaN
wheat,HR04,20031130,5075.6416015625
wheat,HR03,20031210,NaN
wheat,HR04,20031210,5075.6416015625
wheat,HR03,20031220,NaN
wheat,HR04,20031220,5075.6416015625
wheat,HR03,20031231,NaN
wheat,HR04,20031231,5075.6416015625
wheat,HR03,20040120,NaN
wheat,HR04,20040120,NaN
wheat,HR03,20040131,NaN
wheat,HR04,20040131,NaN
wheat,HR03,20040210,NaN
wheat,HR04,20040210,NaN
wheat,HR03,20040220,NaN
wheat,HR04,20040220,NaN
wheat,HR03,20040229,NaN
wheat,HR04,20040229,NaN
wheat,HR03,20040310,NaN
wheat,HR04,20040310,NaN
wheat,HR03,20040320,NaN
wheat,HR04,20040320,0.0
wheat,HR03,20040331,NaN
wheat,HR04,20040331,0.0
wheat,HR03,20040410,NaN
wheat,HR04,20040410,0.0
wheat,HR03,20040420,NaN
wheat,HR04,20040420,0.0
wheat,HR03,20040430,NaN
wheat,HR04,20040430,0.0
wheat,HR03,20040510,NaN
wheat,HR04,20040510,0.0
wheat,HR03,20040520,NaN
wheat,HR04,20040520,0.0
wheat,HR03,20040531,NaN
wheat,HR04,20040531,0.0
wheat,HR03,20040610,NaN
wheat,HR04,20040610,0.0
wheat,HR03,20040620,NaN
wheat,HR04,20040620,989.5813598632812
wheat,HR03,20040630,NaN
wheat,HR04,20040630,2602.796142578125
wheat,HR03,20040710,NaN
wheat,HR04,20040710,4345.56103515625
wheat,HR03,20040720,NaN
wheat,HR04,20040720,5529.978515625
wheat,HR03,20040731,NaN
wheat,HR04,20040731,6273.15087890625
wheat,HR03,20040810,NaN
wheat,HR04,20040810,6690.962890625
wheat,HR03,20040820,NaN
wheat,HR04,20040820,6742.2490234375
wheat,HR03,20040831,NaN
wheat,HR04,20040831,6742.2490234375
wheat,HR03,20040910,NaN
wheat,HR04,20040910,6742.2490234375
wheat,HR03,20040920,NaN
wheat,HR04,20040920,6742.2490234375
wheat,HR03,20040930,NaN
wheat,HR04,20040930,6742.2490234375
wheat,HR03,20041010,NaN
wheat,HR04,20041010,6742.2490234375
wheat,HR03,20041020,NaN
wheat,HR04,20041020,6742.2490234375
wheat,HR03,20041031,NaN
wheat,HR04,20041031,6742.2490234375
wheat,HR03,20041110,NaN
wheat,HR04,20041110,6742.2490234375
wheat,HR03,20041120,NaN
wheat,HR04,20041120,6742.2490234375
wheat,HR03,20041130,NaN
wheat,HR04,20041130,6742.2490234375
wheat,HR03,20041210,NaN
wheat,HR04,20041210,6742.2490234375
wheat,HR03,20041220,NaN
wheat,HR04,20041220,6742.2490234375
wheat,HR03,20041231,NaN
wheat,HR04,20041231,6742.2490234375
wheat,HR03,20050120,NaN
wheat,HR04,20050120,NaN
wheat,HR03,20050131,NaN
wheat,HR04,20050131,NaN
wheat,HR03,20050210,NaN
wheat,HR04,20050210,NaN
wheat,HR03,20050220,NaN
wheat,HR04,20050220,NaN
wheat,HR03,20050228,NaN
wheat,HR04,20050228,NaN
wheat,HR03,20050310,NaN
wheat,HR04,20050310,NaN
wheat,HR03,20050320,NaN
wheat,HR04,20050320,0.0
wheat,HR03,20050331,NaN
wheat,HR04,20050331,0.0
wheat,HR03,20050410,NaN
wheat,HR04,20050410,0.0
wheat,HR03,20050420,NaN
wheat,HR04,20050420,0.0
wheat,HR03,20050430,NaN
wheat,HR04,20050430,0.0
wheat,HR03,20050510,NaN
wheat,HR04,20050510,0.0
wheat,HR03,20050520,NaN
wheat,HR04,20050520,0.0
wheat,HR03,20050531,NaN
wheat,HR04,20050531,0.0
wheat,HR03,20050610,NaN
wheat,HR04,20050610,0.0
wheat,HR03,20050620,NaN
wheat,HR04,20050620,951.2460327148438
wheat,HR03,20050630,NaN
wheat,HR04,20050630,2723.5859375
wheat,HR03,20050710,NaN
wheat,HR04,20050710,4148.01123046875
wheat,HR03,20050720,NaN
wheat,HR04,20050720,5275.25
wheat,HR03,20050731,NaN
wheat,HR04,20050731,6208.41015625
wheat,HR03,20050810,NaN
wheat,HR04,20050810,6557.095703125
wheat,HR03,20050820,NaN
wheat,HR04,20050820,6591.779296875
wheat,HR03,20050831,NaN
wheat,HR04,20050831,6591.779296875
wheat,HR03,20050910,NaN
wheat,HR04,20050910,6591.779296875
wheat,HR03,20050920,NaN
wheat,HR04,20050920,6591.779296875
wheat,HR03,20050930,NaN
wheat,HR04,20050930,6591.779296875
wheat,HR03,20051010,NaN
wheat,HR04,20051010,6591.779296875
wheat,HR03,20051020,NaN
wheat,HR04,20051020,6591.779296875
wheat,HR03,20051031,NaN
wheat,HR04,20051031,6591.779296875
wheat,HR03,20051110,NaN
wheat,HR04,20051110,6591.779296875
wheat,HR03,20051120,NaN
wheat,HR04,20051120,6591.779296875
wheat,HR03,20051130,NaN
wheat,HR04,20051130,6591.779296875
wheat,HR03,20051210,NaN
wheat,HR04,20051210,6591.779296875
wheat,HR03,20051220,NaN
wheat,HR04,20051220,6591.779296875
wheat,HR03,20051231,NaN
wheat,HR04,20051231,6591.779296875
wheat,HR03,20060120,NaN
wheat,HR04,20060120,NaN
wheat,HR03,20060131,NaN
wheat,HR04,20060131,NaN
wheat,HR03,20060210,NaN
wheat,HR04,20060210,NaN
wheat,HR03,20060220,NaN
wheat,HR04,20060220,NaN
wheat,HR03,20060228,NaN
wheat,HR04,20060228,NaN
wheat,HR03,20060310,NaN
wheat,HR04,20060310,NaN
wheat,HR03,20060320,NaN
wheat,HR04,20060320,0.0
wheat,HR03,20060331,NaN
wheat,HR04,20060331,0.0
wheat,HR03,20060410,NaN
wheat,HR04,20060410,0.0
wheat,HR03,20060420,NaN
wheat,HR04,20060420,0.0
wheat,HR03,20060430,NaN
wheat,HR04,20060430,0.0
wheat,HR03,20060510,NaN
wheat,HR04,20060510,0.0
wheat,HR03,20060520,NaN
wheat,HR04,20060520,0.0
wheat,HR03,20060531,NaN
wheat,HR04,20060531,0.0
wheat,HR03,20060610,NaN
wheat,HR04,20060610,0.0
wheat,HR03,20060620,NaN
wheat,HR04,20060620,836.2645263671875
wheat,HR03,20060630,NaN
wheat,HR04,20060630,2521.543212890625
wheat,HR03,20060710,NaN
wheat,HR04,20060710,3980.258544921875
wheat,HR03,20060720,NaN
wheat,HR04,20060720,5265.77783203125
wheat,HR03,20060731,NaN
wheat,HR04,20060731,6099.48583984375
wheat,HR03,20060810,NaN
wheat,HR04,20060810,6340.068359375
wheat,HR03,20060820,NaN
wheat,HR04,20060820,6340.068359375
wheat,HR03,20060831,NaN
wheat,HR04,20060831,6340.068359375
wheat,HR03,20060910,NaN
wheat,HR04,20060910,6340.068359375
wheat,HR03,20060920,NaN
wheat,HR04,20060920,6340.068359375
wheat,HR03,20060930,NaN
wheat,HR04,20060930,6340.068359375
wheat,HR03,20061010,NaN
wheat,HR04,20061010,6340.068359375
wheat,HR03,20061020,NaN
wheat,HR04,20061020,6340.068359375
wheat,HR03,20061031,NaN
wheat,HR04,20061031,6340.068359375
wheat,HR03,20061110,NaN
wheat,HR04,20061110,6340.068359375
wheat,HR03,20061120,NaN
wheat,HR04,20061120,6340.068359375
wheat,HR03,20061130,NaN
wheat,HR04,20061130,6340.068359375
wheat,HR03,20061210,NaN
wheat,HR04,20061210,6340.068359375
wheat,HR03,20061220,NaN
wheat,HR04,20061220,6340.068359375
wheat,HR03,20061231,NaN
wheat,HR04,20061231,6340.068359375
wheat,HR03,20070120,NaN
wheat,HR04,20070120,NaN
wheat,HR03,20070131,NaN
wheat,HR04,20070131,NaN
wheat,HR03,20070210,NaN
wheat,HR04,20070210,NaN
wheat,HR03,20070220,NaN
wheat,HR04,20070220,NaN
wheat,HR03,20070228,NaN
wheat,HR04,20070228,NaN
wheat,HR03,20070310,NaN
wheat,HR04,20070310,NaN
wheat,HR03,20070320,NaN
wheat,HR04,20070320,0.0
wheat,HR03,20070331,NaN
wheat,HR04,20070331,0.0
wheat,HR03,20070410,NaN
wheat,HR04,20070410,0.0
wheat,HR03,20070420,NaN
wheat,HR04,20070420,0.0
wheat,HR03,20070430,NaN
wheat,HR04,20070430,0.0
wheat,HR03,20070510,NaN
wheat,HR04,20070510,0.0
wheat,HR03,20070520,NaN
wheat,HR04,20070520,0.0
wheat,HR03,20070531,NaN
wheat,HR04,20070531,0.0
wheat,HR03,20070610,NaN
wheat,HR04,20070610,453.8791809082031
wheat,HR03,20070620,NaN
wheat,HR04,20070620,1867.8238525390625
wheat,HR03,20070630,NaN
wheat,HR04,20070630,3268.475830078125
wheat,HR03,20070710,NaN
wheat,HR04,20070710,4396.82080078125
wheat,HR03,20070720,NaN
wheat,HR04,20070720,5031.6806640625
wheat,HR03,20070731,NaN
wheat,HR04,20070731,5225.8876953125
wheat,HR03,20070810,NaN
wheat,HR04,20070810,5225.8876953125
wheat,HR03,20070820,NaN
wheat,HR04,20070820,5225.8876953125
wheat,HR03,20070831,NaN
wheat,HR04,20070831,5225.8876953125
wheat,HR03,20070910,NaN
wheat,HR04,20070910,5225.8876953125
wheat,HR03,20070920,NaN
wheat,HR04,20070920,5225.8876953125
wheat,HR03,20070930,NaN
wheat,HR04,20070930,5225.8876953125
wheat,HR03,20071010,NaN
wheat,HR04,20071010,5225.8876953125
wheat,HR03,20071020,NaN
wheat,HR04,20071020,5225.8876953125
wheat,HR03,20071031,NaN
wheat,HR04,20071031,5225.8876953125
wheat,HR03,20071110,NaN
wheat,HR04,20071110,5225.8876953125
wheat,HR03,20071120,NaN
wheat,HR04,20071120,5225.8876953125
wheat,HR03,20071130,NaN
wheat,HR04,20071130,5225.8876953125
wheat,HR03,20071210,NaN
wheat,HR04,20071210,5225.8876953125
wheat,HR03,20071220,NaN
wheat,HR04,20071220,5225.8876953125
wheat,HR03,20071231,NaN
wheat,HR04,20071231,5225.8876953125
wheat,HR03,20080120,NaN
wheat,HR04,20080120,NaN
wheat,HR03,20080131,NaN
wheat,HR04,20080131,NaN
wheat,HR03,20080210,NaN
wheat,HR04,20080210,NaN
wheat,HR03,20080220,NaN
wheat,HR04,20080220,NaN
wheat,HR03,20080229,NaN
wheat,HR04,20080229,NaN
wheat,HR03,20080310,NaN
wheat,HR04,20080310,NaN
wheat,HR03,20080320,NaN
wheat,HR04,20080320,0.0
wheat,HR03,20080331,NaN
wheat,HR04,20080331,0.0
wheat,HR03,20080410,NaN
wheat,HR04,20080410,0.0
wheat,HR03,20080420,NaN
wheat,HR04,20080420,0.0
wheat,HR03,20080430,NaN
wheat,HR04,20080430,0.0
wheat,HR03,20080510,NaN
wheat,HR04,20080510,0.0
wheat,HR03,20080520,NaN
wheat,HR04,20080520,0.0
wheat,HR03,20080531,NaN
wheat,HR04,20080531,0.0
wheat,HR03,20080610,NaN
wheat,HR04,20080610,68.60062408447266
wheat,HR03,20080620,NaN
wheat,HR04,20080620,1508.982666015625
wheat,HR03,20080630,NaN
wheat,HR04,20080630,3421.561279296875
wheat,HR03,20080710,NaN
wheat,HR04,20080710,4877.4130859375
wheat,HR03,20080720,NaN
wheat,HR04,20080720,5801.69970703125
wheat,HR03,20080731,NaN
wheat,HR04,20080731,6322.6181640625
wheat,HR03,20080810,NaN
wheat,HR04,20080810,6491.5400390625
wheat,HR03,20080820,NaN
wheat,HR04,20080820,6491.5400390625
wheat,HR03,20080831,NaN
wheat,HR04,20080831,6491.5400390625
wheat,HR03,20080910,NaN
wheat,HR04,20080910,6491.5400390625
wheat,HR03,20080920,NaN
wheat,HR04,20080920,6491.5400390625
wheat,HR03,20080930,NaN
wheat,HR04,20080930,6491.5400390625
wheat,HR03,20081010,NaN
wheat,HR04,20081010,6491.5400390625
wheat,HR03,20081020,NaN
wheat,HR04,20081020,6491.5400390625
wheat,HR03,20081031,NaN
wheat,HR04,20081031,6491.5400390625
wheat,HR03,20081110,NaN
wheat,HR04,20081110,6491.5400390625
wheat,HR03,20081120,NaN
wheat,HR04,20081120,6491.5400390625
wheat,HR03,20081130,NaN
wheat,HR04,20081130,6491.5400390625
wheat,HR03,20081210,NaN
wheat,HR04,20081210,6491.5400390625
wheat,HR03,20081220,NaN
wheat,HR04,20081220,6491.5400390625
wheat,HR03,20081231,NaN
wheat,HR04,20081231,6491.5400390625
wheat,HR03,20090120,NaN
wheat,HR04,20090120,NaN
wheat,HR03,20090131,NaN
wheat,HR04,20090131,NaN
wheat,HR03,20090210,NaN
wheat,HR04,20090210,NaN
wheat,HR03,20090220,NaN
wheat,HR04,20090220,NaN
wheat,HR03,20090228,NaN
wheat,HR04,20090228,NaN
wheat,HR03,20090310,NaN
wheat,HR04,20090310,NaN
wheat,HR03,20090320,NaN
wheat,HR04,20090320,0.0
wheat,HR03,20090331,NaN
wheat,HR04,20090331,0.0
wheat,HR03,20090410,NaN
wheat,HR04,20090410,0.0
wheat,HR03,20090420,NaN
wheat,HR04,20090420,0.0
wheat,HR03,20090430,NaN
wheat,HR04,20090430,0.0
wheat,HR03,20090510,NaN
wheat,HR04,20090510,0.0
wheat,HR03,20090520,NaN
wheat,HR04,20090520,0.0
wheat,HR03,20090531,NaN
wheat,HR04,20090531,0.0
wheat,HR03,20090610,NaN
wheat,HR04,20090610,423.13134765625
wheat,HR03,20090620,NaN
wheat,HR04,20090620,2095.00732421875
wheat,HR03,20090630,NaN
wheat,HR04,20090630,3293.46337890625
wheat,HR03,20090710,NaN
wheat,HR04,20090710,4460.68701171875
wheat,HR03,20090720,NaN
wheat,HR04,20090720,5411.7861328125
wheat,HR03,20090731,NaN
wheat,HR04,20090731,6002.13818359375
wheat,HR03,20090810,NaN
wheat,HR04,20090810,6097.58935546875
wheat,HR03,20090820,NaN
wheat,HR04,20090820,6097.58935546875
wheat,HR03,20090831,NaN
wheat,HR04,20090831,6097.58935546875
wheat,HR03,20090910,NaN
wheat,HR04,20090910,6097.58935546875
wheat,HR03,20090920,NaN
wheat,HR04,20090920,6097.58935546875
wheat,HR03,20090930,NaN
wheat,HR04,20090930,6097.58935546875
wheat,HR03,20091010,NaN
wheat,HR04,20091010,6097.58935546875
wheat,HR03,20091020,NaN
wheat,HR04,20091020,6097.58935546875
wheat,HR03,20091031,NaN
wheat,HR04,20091031,6097.58935546875
wheat,HR03,20091110,NaN
wheat,HR04,20091110,6097.58935546875
wheat,HR03,20091120,NaN
wheat,HR04,20091120,6097.58935546875
wheat,HR03,20091130,NaN
wheat,HR04,20091130,6097.58935546875
wheat,HR03,20091210,NaN
wheat,HR04,20091210,6097.58935546875
wheat,HR03,20091220,NaN
wheat,HR04,20091220,6097.58935546875
wheat,HR03,20091231,NaN
wheat,HR04,20091231,6097.58935546875
wheat,HR03,20100120,NaN
wheat,HR04,20100120,NaN
wheat,HR03,20100131,NaN
wheat,HR04,20100131,NaN
wheat,HR03,20100210,NaN
wheat,HR04,20100210,NaN
wheat,HR03,20100220,NaN
wheat,HR04,20100220,NaN
wheat,HR03,20100228,NaN
wheat,HR04,20100228,NaN
wheat,HR03,20100310,NaN
wheat,HR04,20100310,NaN
wheat,HR03,20100320,NaN
wheat,HR04,20100320,0.0
wheat,HR03,20100331,NaN
wheat,HR04,20100331,0.0
wheat,HR03,20100410,NaN
wheat,HR04,20100410,0.0
wheat,HR03,20100420,NaN
wheat,HR04,20100420,0.0
wheat,HR03,20100430,NaN
wheat,HR04,20100430,0.0
wheat,HR03,20100510,NaN
wheat,HR04,20100510,0.0
wheat,HR03,20100520,NaN
wheat,HR04,20100520,0.0
wheat,HR03,20100531,NaN
wheat,HR04,20100531,0.0
wheat,HR03,20100610,NaN
wheat,HR04,20100610,0.0
wheat,HR03,20100620,NaN
wheat,HR04,20100620,1297.0931396484375
wheat,HR03,20100630,NaN
wheat,HR04,20100630,2428.775146484375
wheat,HR03,20100710,NaN
wheat,HR04,20100710,3948.0146484375
wheat,HR03,20100720,NaN
wheat,HR04,20100720,5077.099609375
wheat,HR03,20100731,NaN
wheat,HR04,20100731,5695.0126953125
wheat,HR03,20100810,NaN
wheat,HR04,20100810,5914.7978515625
wheat,HR03,20100820,NaN
wheat,HR04,20100820,5914.7978515625
wheat,HR03,20100831,NaN
wheat,HR04,20100831,5914.7978515625
wheat,HR03,20100910,NaN
wheat,HR04,20100910,5914.7978515625
wheat,HR03,20100920,NaN
wheat,HR04,20100920,5914.7978515625
wheat,HR03,20100930,NaN
wheat,HR04,20100930,5914.7978515625
wheat,HR03,20101010,NaN
wheat,HR04,20101010,5914.7978515625
wheat,HR03,20101020,NaN
wheat,HR04,20101020,5914.7978515625
wheat,HR03,20101031,NaN
wheat,HR04,20101031,5914.7978515625
wheat,HR03,20101110,NaN
wheat,HR04,20101110,5914.7978515625
wheat,HR03,20101120,NaN
wheat,HR04,20101120,5914.7978515625
wheat,HR03,20101130,NaN
wheat,HR04,20101130,5914.7978515625
wheat,HR03,20101210,NaN
wheat,HR04,20101210,5914.7978515625
wheat,HR03,20101220,NaN
wheat,HR04,20101220,5914.7978515625
wheat,HR03,20101231,NaN
wheat,HR04,20101231,5914.7978515625
wheat,HR03,20110120,NaN
wheat,HR04,20110120,NaN
wheat,HR03,20110131,NaN
wheat,HR04,20110131,NaN
wheat,HR03,20110210,NaN
wheat,HR04,20110210,NaN
wheat,HR03,20110220,NaN
wheat,HR04,20110220,NaN
wheat,HR03,20110228,NaN
wheat,HR04,20110228,NaN
wheat,HR03,20110310,NaN
wheat,HR04,20110310,NaN
wheat,HR03,20110320,NaN
wheat,HR04,20110320,0.0
wheat,HR03,20110331,NaN
wheat,HR04,20110331,0.0
wheat,HR03,20110410,NaN
wheat,HR04,20110410,0.0
wheat,HR03,20110420,NaN
wheat,HR04,20110420,0.0
wheat,HR03,20110430,NaN
wheat,HR04,20110430,0.0
wheat,HR03,20110510,NaN
wheat,HR04,20110510,0.0
wheat,HR03,20110520,NaN
wheat,HR04,20110520,0.0
wheat,HR03,20110531,NaN
wheat,HR04,20110531,0.0
wheat,HR03,20110610,NaN
wheat,HR04,20110610,158.22389221191406
wheat,HR03,20110620,NaN
wheat,HR04,20110620,1653.0677490234375
wheat,HR03,20110630,NaN
wheat,HR04,20110630,3311.826171875
wheat,HR03,20110710,NaN
wheat,HR04,20110710,4519.43505859375
wheat,HR03,20110720,NaN
wheat,HR04,20110720,5313.92724609375
wheat,HR03,20110731,NaN
wheat,HR04,20110731,5745.1435546875
wheat,HR03,20110810,NaN
wheat,HR04,20110810,5893.47412109375
wheat,HR03,20110820,NaN
wheat,HR04,20110820,5893.47412109375
wheat,HR03,20110831,NaN
wheat,HR04,20110831,5893.47412109375
wheat,HR03,20110910,NaN
wheat,HR04,20110910,5893.47412109375
wheat,HR03,20110920,NaN
wheat,HR04,20110920,5893.47412109375
wheat,HR03,20110930,NaN
wheat,HR04,20110930,5893.47412109375
wheat,HR03,20111010,NaN
wheat,HR04,20111010,5893.47412109375
wheat,HR03,20111020,NaN
wheat,HR04,20111020,5893.47412109375
wheat,HR03,20111031,NaN
wheat,HR04,20111031,5893.47412109375
wheat,HR03,20111110,NaN
wheat,HR04,20111110,5893.47412109375
wheat,HR03,20111120,NaN
wheat,HR04,20111120,5893.47412109375
wheat,HR03,20111130,NaN
wheat,HR04,20111130,5893.47412109375
wheat,HR03,20111210,NaN
wheat,HR04,20111210,5893.47412109375
wheat,HR03,20111220,NaN
wheat,HR04,20111220,5893.47412109375
wheat,HR03,20111231,NaN
wheat,HR04,20111231,5893.47412109375
wheat,HR03,20120120,NaN
wheat,HR04,20120120,NaN
wheat,HR03,20120131,NaN
wheat,HR04,20120131,NaN
wheat,HR03,20120210,NaN
wheat,HR04,20120210,NaN
wheat,HR03,20120220,NaN
wheat,HR04,20120220,NaN
wheat,HR03,20120229,NaN
wheat,HR04,20120229,NaN
wheat,HR03,20120310,NaN
wheat,HR04,20120310,NaN
wheat,HR03,20120320,NaN
wheat,HR04,20120320,0.0
wheat,HR03,20120331,NaN
wheat,HR04,20120331,0.0
wheat,HR03,20120410,NaN
wheat,HR04,20120410,0.0
wheat,HR03,20120420,NaN
wheat,HR04,20120420,0.0
wheat,HR03,20120430,NaN
wheat,HR04,20120430,0.0
wheat,HR03,20120510,NaN
wheat,HR04,20120510,0.0
wheat,HR03,20120520,NaN
wheat,HR04,20120520,0.0
wheat,HR03,20120531,NaN
wheat,HR04,20120531,0.0
wheat,HR03,20120610,NaN
wheat,HR04,20120610,434.2878112792969
wheat,HR03,20120620,NaN
wheat,HR04,20120620,2279.237548828125
wheat,HR03,20120630,NaN
wheat,HR04,20120630,3976.359619140625
wheat,HR03,20120710,NaN
wheat,HR04,20120710,4786.69580078125
wheat,HR03,20120720,NaN
wheat,HR04,20120720,5465.40771484375
wheat,HR03,20120731,NaN
wheat,HR04,20120731,5753.0869140625
wheat,HR03,20120810,NaN
wheat,HR04,20120810,5753.0869140625
wheat,HR03,20120820,NaN
wheat,HR04,20120820,5753.0869140625
wheat,HR03,20120831,NaN
wheat,HR04,20120831,5753.0869140625
wheat,HR03,20120910,NaN
wheat,HR04,20120910,5753.0869140625
wheat,HR03,20120920,NaN
wheat,HR04,20120920,5753.0869140625
wheat,HR03,20120930,NaN
wheat,HR04,20120930,5753.0869140625
wheat,HR03,20121010,NaN
wheat,HR04,20121010,5753.0869140625
wheat,HR03,20121020,NaN
wheat,HR04,20121020,5753.0869140625
wheat,HR03,20121031,NaN
wheat,HR04,20121031,5753.0869140625
wheat,HR03,20121110,NaN
wheat,HR04,20121110,5753.0869140625
wheat,HR03,20121120,NaN
wheat,HR04,20121120,5753.0869140625
wheat,HR03,20121130,NaN
wheat,HR04,20121130,5753.0869140625
wheat,HR03,20121210,NaN
wheat,HR04,20121210,5753.0869140625
wheat,HR03,20121220,NaN
wheat,HR04,20121220,5753.0869140625
wheat,HR03,20121231,NaN
wheat,HR04,20121231,5753.0869140625
wheat,HR03,20130120,NaN
wheat,HR04,20130120,NaN
wheat,HR03,20130131,NaN
wheat,HR04,20130131,NaN
wheat,HR03,20130210,NaN
wheat,HR04,20130210,NaN
wheat,HR03,20130220,NaN
wheat,HR04,20130220,NaN
wheat,HR03,20130228,NaN
wheat,HR04,20130228,NaN
wheat,HR03,20130310,NaN
wheat,HR04,20130310,NaN
wheat,HR03,20130320,NaN
wheat,HR04,20130320,0.0
wheat,HR03,20130331,NaN
wheat,HR04,20130331,0.0
wheat,HR03,20130410,NaN
wheat,HR04,20130410,0.0
wheat,HR03,20130420,NaN
wheat,HR04,20130420,0.0
wheat,HR03,20130430,NaN
wheat,HR04,20130430,0.0
wheat,HR03,20130510,NaN
wheat,HR04,20130510,0.0
wheat,HR03,20130520,NaN
wheat,HR04,20130520,0.0
wheat,HR03,20130531,NaN
wheat,HR04,20130531,0.0
wheat,HR03,20130610,NaN
wheat,HR04,20130610,0.0
wheat,HR03,20130620,NaN
wheat,HR04,20130620,919.1560668945312
wheat,HR03,20130630,NaN
wheat,HR04,20130630,2291.65673828125
wheat,HR03,20130710,NaN
wheat,HR04,20130710,3796.91650390625
wheat,HR03,20130720,NaN
wheat,HR04,20130720,4907.130859375
wheat,HR03,20130731,NaN
wheat,HR04,20130731,5645.2021484375
wheat,HR03,20130810,NaN
wheat,HR04,20130810,5878.07470703125
wheat,HR03,20130820,NaN
wheat,HR04,20130820,5878.07470703125
wheat,HR03,20130831,NaN
wheat,HR04,20130831,5878.07470703125
wheat,HR03,20130910,NaN
wheat,HR04,20130910,5878.07470703125
wheat,HR03,20130920,NaN
wheat,HR04,20130920,5878.07470703125
wheat,HR03,20130930,NaN
wheat,HR04,20130930,5878.07470703125
wheat,HR03,20131010,NaN
wheat,HR04,20131010,5878.07470703125
wheat,HR03,20131020,NaN
wheat,HR04,20131020,5878.07470703125
wheat,HR03,20131031,NaN
wheat,HR04,20131031,5878.07470703125
wheat,HR03,20131110,NaN
wheat,HR04,20131110,5878.07470703125
wheat,HR03,20131120,NaN
wheat,HR04,20131120,5878.07470703125
wheat,HR03,20131130,NaN
wheat,HR04,20131130,5878.07470703125
wheat,HR03,20131210,NaN
wheat,HR04,20131210,5878.07470703125
wheat,HR03,20131220,NaN
wheat,HR04,20131220,5878.07470703125
wheat,HR03,20131231,NaN
wheat,HR04,20131231,5878.07470703125
wheat,HR03,20140120,NaN
wheat,HR04,20140120,NaN
wheat,HR03,20140131,NaN
wheat,HR04,20140131,NaN
wheat,HR03,20140210,NaN
wheat,HR04,20140210,NaN
wheat,HR03,20140220,NaN
wheat,HR04,20140220,NaN
wheat,HR03,20140228,NaN
wheat,HR04,20140228,NaN
wheat,HR03,20140310,NaN
wheat,HR04,20140310,NaN
wheat,HR03,20140320,NaN
wheat,HR04,20140320,0.0
wheat,HR03,20140331,NaN
wheat,HR04,20140331,0.0
wheat,HR03,20140410,NaN
wheat,HR04,20140410,0.0
wheat,HR03,20140420,NaN
wheat,HR04,20140420,0.0
wheat,HR03,20140430,NaN
wheat,HR04,20140430,0.0
wheat,HR03,20140510,NaN
wheat,HR04,20140510,0.0
wheat,HR03,20140520,NaN
wheat,HR04,20140520,0.0
wheat,HR03,20140531,NaN
wheat,HR04,20140531,0.0
wheat,HR03,20140610,NaN
wheat,HR04,20140610,65.11498260498047
wheat,HR03,20140620,NaN
wheat,HR04,20140620,1306.677734375
wheat,HR03,20140630,NaN
wheat,HR04,20140630,2826.843505859375
wheat,HR03,20140710,NaN
wheat,HR04,20140710,4198.97998046875
wheat,HR03,20140720,NaN
wheat,HR04,20140720,5109.83544921875
wheat,HR03,20140731,NaN
wheat,HR04,20140731,5759.6728515625
wheat,HR03,20140810,NaN
wheat,HR04,20140810,5951.669921875
wheat,HR03,20140820,NaN
wheat,HR04,20140820,5951.669921875
wheat,HR03,20140831,NaN
wheat,HR04,20140831,5951.669921875
wheat,HR03,20140910,NaN
wheat,HR04,20140910,5951.669921875
wheat,HR03,20140920,NaN
wheat,HR04,20140920,5951.669921875
wheat,HR03,20140930,NaN
wheat,HR04,20140930,5951.669921875
wheat,HR03,20141010,NaN
wheat,HR04,20141010,5951.669921875
wheat,HR03,20141020,NaN
wheat,HR04,20141020,5951.669921875
wheat,HR03,20141031,NaN
wheat,HR04,20141031,5951.669921875
wheat,HR03,20141110,NaN
wheat,HR04,20141110,5951.669921875
wheat,HR03,20141120,NaN
wheat,HR04,20141120,5951.669921875
wheat,HR03,20141130,NaN
wheat,HR04,20141130,5951.669921875
wheat,HR03,20141210,NaN
wheat,HR04,20141210,5951.669921875
wheat,HR03,20141220,NaN
wheat,HR04,20141220,5951.669921875
wheat,HR03,20141231,NaN
wheat,HR04,20141231,5951.669921875
wheat,HR03,20150120,NaN
wheat,HR04,20150120,NaN
wheat,HR03,20150131,NaN
wheat,HR04,20150131,NaN
wheat,HR03,20150210,NaN
wheat,HR04,20150210,NaN
wheat,HR03,20150220,NaN
wheat,HR04,20150220,NaN
wheat,HR03,20150228,NaN
wheat,HR04,20150228,NaN
wheat,HR03,20150310,NaN
wheat,HR04,20150310,NaN
wheat,HR03,20150320,NaN
wheat,HR04,20150320,0.0
wheat,HR03,20150331,NaN
wheat,HR04,20150331,0.0
wheat,HR03,20150410,NaN
wheat,HR04,20150410,0.0
wheat,HR03,20150420,NaN
wheat,HR04,20150420,0.0
wheat,HR03,20150430,NaN
wheat,HR04,20150430,0.0
wheat,HR03,20150510,NaN
wheat,HR04,20150510,0.0
wheat,HR03,20150520,NaN
wheat,HR04,20150520,0.0
wheat,HR03,20150531,NaN
wheat,HR04,20150531,0.0
wheat,HR03,20150610,NaN
wheat,HR04,20150610,140.1022491455078
wheat,HR03,20150620,NaN
wheat,HR04,20150620,1700.21240234375
wheat,HR03,20150630,NaN
wheat,HR04,20150630,3118.28466796875
wheat,HR03,20150710,NaN
wheat,HR04,20150710,4451.62451171875
wheat,HR03,20150720,NaN
wheat,HR04,20150720,5310.24658203125
wheat,HR03,20150731,NaN
wheat,HR04,20150731,5719.7490234375
wheat,HR03,20150810,NaN
wheat,HR04,20150810,5801.0703125
wheat,HR03,20150820,NaN
wheat,HR04,20150820,5801.0703125
wheat,HR03,20150831,NaN
wheat,HR04,20150831,5801.0703125
wheat,HR03,20150910,NaN
wheat,HR04,20150910,5801.0703125
wheat,HR03,20150920,NaN
wheat,HR04,20150920,5801.0703125
wheat,HR03,20150930,NaN
wheat,HR04,20150930,5801.0703125
wheat,HR03,20151010,NaN
wheat,HR04,20151010,5801.0703125
wheat,HR03,20151020,NaN
wheat,HR04,20151020,5801.0703125
wheat,HR03,20151031,NaN
wheat,HR04,20151031,5801.0703125
wheat,HR03,20151110,NaN
wheat,HR04,20151110,5801.0703125
wheat,HR03,20151120,NaN
wheat,HR04,20151120,5801.0703125
wheat,HR03,20151130,NaN
wheat,HR04,20151130,5801.0703125
wheat,HR03,20151210,NaN
wheat,HR04,20151210,5801.0703125
wheat,HR03,20151220,NaN
wheat,HR04,20151220,5801.0703125
wheat,HR03,20151231,NaN
wheat,HR04,20151231,5801.0703125
wheat,HR03,20160120,NaN
wheat,HR04,20160120,NaN
wheat,HR03,20160131,NaN
wheat,HR04,20160131,NaN
wheat,HR03,20160210,NaN
wheat,HR04,20160210,NaN
wheat,HR03,20160220,NaN
wheat,HR04,20160220,NaN
wheat,HR03,20160229,NaN
wheat,HR04,20160229,NaN
wheat,HR03,20160310,NaN
wheat,HR04,20160310,NaN
wheat,HR03,20160320,NaN
wheat,HR04,20160320,0.0
wheat,HR03,20160331,NaN
wheat,HR04,20160331,0.0
wheat,HR03,20160410,NaN
wheat,HR04,20160410,0.0
wheat,HR03,20160420,NaN
wheat,HR04,20160420,0.0
wheat,HR03,20160430,NaN
wheat,HR04,20160430,0.0
wheat,HR03,20160510,NaN
wheat,HR04,20160510,0.0
wheat,HR03,20160520,NaN
wheat,HR04,20160520,0.0
wheat,HR03,20160531,NaN
wheat,HR04,20160531,0.0
wheat,HR03,20160610,NaN
wheat,HR04,20160610,57.2968635559082
wheat,HR03,20160620,NaN
wheat,HR04,20160620,1467.4208984375
wheat,HR03,20160630,NaN
wheat,HR04,20160630,3071.14794921875
wheat,HR03,20160710,NaN
wheat,HR04,20160710,4518.58251953125
wheat,HR03,20160720,NaN
wheat,HR04,20160720,5298.38037109375
wheat,HR03,20160731,NaN
wheat,HR04,20160731,5923.11962890625
wheat,HR03,20160810,NaN
wheat,HR04,20160810,6061.6533203125
wheat,HR03,20160820,NaN
wheat,HR04,20160820,6061.6533203125
wheat,HR03,20160831,NaN
wheat,HR04,20160831,6061.6533203125
wheat,HR03,20160910,NaN
wheat,HR04,20160910,6061.6533203125
wheat,HR03,20160920,NaN
wheat,HR04,20160920,6061.6533203125
wheat,HR03,20160930,NaN
wheat,HR04,20160930,6061.6533203125
wheat,HR03,20161010,NaN
wheat,HR04,20161010,6061.6533203125
wheat,HR03,20161020,NaN
wheat,HR04,20161020,6061.6533203125
wheat,HR03,20161031,NaN
wheat,HR04,20161031,6061.6533203125
wheat,HR03,20161110,NaN
wheat,HR04,20161110,6061.6533203125
wheat,HR03,20161120,NaN
wheat,HR04,20161120,6061.6533203125
wheat,HR03,20161130,NaN
wheat,HR04,20161130,6061.6533203125
wheat,HR03,20161210,NaN
wheat,HR04,20161210,6061.6533203125
wheat,HR03,20161220,NaN
wheat,HR04,20161220,6061.6533203125
wheat,HR03,20161231,NaN
wheat,HR04,20161231,6061.6533203125
wheat,HR03,20170120,NaN
wheat,HR04,20170120,NaN
wheat,HR03,20170131,NaN
wheat,HR04,20170131,NaN
wheat,HR03,20170210,NaN
wheat,HR04,20170210,NaN
wheat,HR03,20170220,NaN
wheat,HR04,20170220,NaN
wheat,HR03,20170228,NaN
wheat,HR04,20170228,NaN
wheat,HR03,20170310,NaN
wheat,HR04,20170310,NaN
wheat,HR03,20170320,NaN
wheat,HR04,20170320,0.0
wheat,HR03,20170331,NaN
wheat,HR04,20170331,0.0
wheat,HR03,20170410,NaN
wheat,HR04,20170410,0.0
wheat,HR03,20170420,NaN
wheat,HR04,20170420,0.0
wheat,HR03,20170430,NaN
wheat,HR04,20170430,0.0
wheat,HR03,20170510,NaN
wheat,HR04,20170510,0.0
wheat,HR03,20170520,NaN
wheat,HR04,20170520,0.0
wheat,HR03,20170531,NaN
wheat,HR04,20170531,0.0
wheat,HR03,20170610,NaN
wheat,HR04,20170610,140.41421508789062
wheat,HR03,20170620,NaN
wheat,HR04,20170620,1770.0782470703125
wheat,HR03,20170630,NaN
wheat,HR04,20170630,3495.177978515625
wheat,HR03,20170710,NaN
wheat,HR04,20170710,4874.4326171875
wheat,HR03,20170720,NaN
wheat,HR04,20170720,5799.29931640625
wheat,HR03,20170731,NaN
wheat,HR04,20170731,6329.61474609375
wheat,HR03,20170810,NaN
wheat,HR04,20170810,6385.189453125
wheat,HR03,20170820,NaN
wheat,HR04,20170820,6385.189453125
wheat,HR03,20170831,NaN
wheat,HR04,20170831,6385.189453125
wheat,HR03,20170910,NaN
wheat,HR04,20170910,6385.189453125
wheat,HR03,20170920,NaN
wheat,HR04,20170920,6385.189453125
wheat,HR03,20170930,NaN
wheat,HR04,20170930,6385.189453125
wheat,HR03,20171010,NaN
wheat,HR04,20171010,6385.189453125
wheat,HR03,20171020,NaN
wheat,HR04,20171020,6385.189453125
wheat,HR03,20171031,NaN
wheat,HR04,20171031,6385.189453125
wheat,HR03,20171110,NaN
wheat,HR04,20171110,6385.189453125
wheat,HR03,20171120,NaN
wheat,HR04,20171120,6385.189453125
wheat,HR03,20171130,NaN
wheat,HR04,20171130,6385.189453125
wheat,HR03,20171210,NaN
wheat,HR04,20171210,6385.189453125
wheat,HR03,20171220,NaN
wheat,HR04,20171220,6385.189453125
wheat,HR03,20171231,NaN
wheat,HR04,20171231,6385.189453125
wheat,HR03,20180120,NaN
wheat,HR04,20180120,NaN
wheat,HR03,20180131,NaN
wheat,HR04,20180131,NaN
wheat,HR03,20180210,NaN
wheat,HR04,20180210,NaN
wheat,HR03,20180220,NaN
wheat,HR04,20180220,NaN
wheat,HR03,20180228,NaN
wheat,HR04,20180228,NaN
wheat,HR03,20180310,NaN
wheat,HR04,20180310,NaN
wheat,HR03,20180320,NaN
wheat,HR04,20180320,0.0
wheat,HR03,20180331,NaN
wheat,HR04,20180331,0.0
wheat,HR03,20180410,NaN
wheat,HR04,20180410,0.0
wheat,HR03,20180420,NaN
wheat,HR04,20180420,0.0
wheat,HR03,20180430,NaN
wheat,HR04,20180430,0.0
wheat,HR03,20180510,NaN
wheat,HR04,20180510,0.0
wheat,HR03,20180520,NaN
wheat,HR04,20180520,0.0
wheat,HR03,20180531,NaN
wheat,HR04,20180531,0.0
wheat,HR03,20180610,NaN
wheat,HR04,20180610,1007.6045532226562
wheat,HR03,20180620,NaN
wheat,HR04,20180620,2395.02734375
wheat,HR03,20180630,NaN
wheat,HR04,20180630,3584.791015625
wheat,HR03,20180710,NaN
wheat,HR04,20180710,4739.7578125
wheat,HR03,20180720,NaN
wheat,HR04,20180720,5559.83447265625
wheat,HR03,20180731,NaN
wheat,HR04,20180731,6032.58154296875
wheat,HR03,20180810,NaN
wheat,HR04,20180810,6102.53759765625
wheat,HR03,20180820,NaN
wheat,HR04,20180820,6102.53759765625
wheat,HR03,20180831,NaN
wheat,HR04,20180831,6102.53759765625
wheat,HR03,20180910,NaN
wheat,HR04,20180910,6102.53759765625
wheat,HR03,20180920,NaN
wheat,HR04,20180920,6102.53759765625
wheat,HR03,20180930,NaN
wheat,HR04,20180930,6102.53759765625
wheat,HR03,20181010,NaN
wheat,HR04,20181010,6102.53759765625
wheat,HR03,20181020,NaN
wheat,HR04,20181020,6102.53759765625
wheat,HR03,20181031,NaN
wheat,HR04,20181031,6102.53759765625
wheat,HR03,20181110,NaN
wheat,HR04,20181110,6102.53759765625
wheat,HR03,20181120,NaN
wheat,HR04,20181120,6102.53759765625
wheat,HR03,20181130,NaN
wheat,HR04,20181130,6102.53759765625
wheat,HR03,20181210,NaN
wheat,HR04,20181210,6102.53759765625
wheat,HR03,20181220,NaN
wheat,HR04,20181220,6102.53759765625
wheat,HR03,20181231,NaN
wheat,HR04,20181231,6102.53759765625
wheat,HR03,20190120,NaN
wheat,HR04,20190120,NaN
wheat,HR03,20190131,NaN
wheat,HR04,20190131,NaN
wheat,HR03,20190210,NaN
wheat,HR04,20190210,NaN
wheat,HR03,20190220,NaN
wheat,HR04,20190220,NaN
wheat,HR03,20190228,NaN
wheat,HR04,20190228,NaN
wheat,HR03,20190310,NaN
wheat,HR04,20190310,NaN
wheat,HR03,20190320,NaN
wheat,HR04,20190320,0.0
wheat,HR03,20190331,NaN
wheat,HR04,20190331,0.0
wheat,HR03,20190410,NaN
wheat,HR04,20190410,0.0
wheat,HR03,20190420,NaN
wheat,HR04,20190420,0.0
wheat,HR03,20190430,NaN
wheat,HR04,20190430,0.0
wheat,HR03,20190510,NaN
wheat,HR04,20190510,0.0
wheat,HR03,20190520,NaN
wheat,HR04,20190520,0.0
wheat,HR03,20190531,NaN
wheat,HR04,20190531,0.0
wheat,HR03,20190610,NaN
wheat,HR04,20190610,0.0
wheat,HR03,20190620,NaN
wheat,HR04,20190620,1119.5828857421875
wheat,HR03,20190630,NaN
wheat,HR04,20190630,2698.177001953125
wheat,HR03,20190710,NaN
wheat,HR04,20190710,4208.00390625
wheat,HR03,20190720,NaN
wheat,HR04,20190720,5209.4755859375
wheat,HR03,20190731,NaN
wheat,HR04,20190731,5912.4140625
wheat,HR03,20190810,NaN
wheat,HR04,20190810,6047.1318359375
wheat,HR03,20190820,NaN
wheat,HR04,20190820,6047.1318359375
wheat,HR03,20190831,NaN
wheat,HR04,20190831,6047.1318359375
wheat,HR03,20190910,NaN
wheat,HR04,20190910,6047.1318359375
wheat,HR03,20190920,NaN
wheat,HR04,20190920,6047.1318359375
wheat,HR03,20190930,NaN
wheat,HR04,20190930,6047.1318359375
wheat,HR03,20191010,NaN
wheat,HR04,20191010,6047.1318359375
wheat,HR03,20191020,NaN
wheat,HR04,20191020,6047.1318359375
wheat,HR03,20191031,NaN
wheat,HR04,20191031,6047.1318359375
wheat,HR03,20191110,NaN
wheat,HR04,20191110,6047.1318359375
wheat,HR03,20191120,NaN
wheat,HR04,20191120,6047.1318359375
wheat,HR03,20191130,NaN
wheat,HR04,20191130,6047.1318359375
wheat,HR03,20191210,NaN
wheat,HR04,20191210,6047.1318359375
wheat,HR03,20191220,NaN
wheat,HR04,20191220,6047.1318359375
wheat,HR03,20191231,NaN
wheat,HR04,20191231,6047.1318359375
wheat,HR03,20200120,NaN
wheat,HR04,20200120,NaN
wheat,HR03,20200131,NaN
wheat,HR04,20200131,NaN
wheat,HR03,20200210,NaN
wheat,HR04,20200210,NaN
wheat,HR03,20200220,NaN
wheat,HR04,20200220,NaN
wheat,HR03,20200229,NaN
wheat,HR04,20200229,NaN
wheat,HR03,20200310,NaN
wheat,HR04,20200310,NaN
wheat,HR03,20200320,NaN
wheat,HR04,20200320,0.0
wheat,HR03,20200331,NaN
wheat,HR04,20200331,0.0
wheat,HR03,20200410,NaN
wheat,HR04,20200410,0.0
wheat,HR03,20200420,NaN
wheat,HR04,20200420,0.0
wheat,HR03,20200430,NaN
wheat,HR04,20200430,0.0
wheat,HR03,20200510,NaN
wheat,HR04,20200510,0.0
wheat,HR03,20200520,NaN
wheat,HR04,20200520,0.0
wheat,HR03,20200531,NaN
wheat,HR04,20200531,0.0
wheat,HR03,20200610,NaN
wheat,HR04,20200610,0.0
wheat,HR03,20200620,NaN
wheat,HR04,20200620,677.0263061523438
wheat,HR03,20200630,NaN
wheat,HR04,20200630,2134.001953125
wheat,HR03,20200710,NaN
wheat,HR04,20200710,3656.225830078125
wheat,HR03,20200720,NaN
wheat,HR04,20200720,4738.1181640625
wheat,HR03,20200731,NaN
wheat,HR04,20200731,5654.2802734375
wheat,HR03,20200810,NaN
wheat,HR04,20200810,5825.9833984375
wheat,HR03,20200820,NaN
wheat,HR04,20200820,5825.9833984375
wheat,HR03,20200831,NaN
wheat,HR04,20200831,5825.9833984375
wheat,HR03,20200910,NaN
wheat,HR04,20200910,5825.9833984375
wheat,HR03,20200920,NaN
wheat,HR04,20200920,5825.9833984375
wheat,HR03,20200930,NaN
wheat,HR04,20200930,5825.9833984375
wheat,HR03,20201010,NaN
wheat,HR04,20201010,5825.9833984375
wheat,HR03,20201020,NaN
wheat,HR04,20201020,5825.9833984375
wheat,HR03,20201031,NaN
wheat,HR04,20201031,5825.9833984375
wheat,HR03,20201110,NaN
wheat,HR04,20201110,5825.9833984375
wheat,HR03,20201120,NaN
wheat,HR04,20201120,5825.9833984375
wheat,HR03,20201130,NaN
wheat,HR04,20201130,5825.9833984375
wheat,HR03,20201210,NaN
wheat,HR04,20201210,5825.9833984375
wheat,HR03,20201220,NaN
wheat,HR04,20201220,5825.9833984375
wheat,HR03,20201231,NaN
wheat,HR04,20201231,5825.9833984375
wheat,HR03,20210120,NaN
wheat,HR04,20210120,NaN
wheat,HR03,20210131,NaN
wheat,HR04,20210131,NaN
wheat,HR03,20210210,NaN
wheat,HR04,20210210,NaN
wheat,HR03,20210220,NaN
wheat,HR04,20210220,NaN
wheat,HR03,20210228,NaN
wheat,HR04,20210228,NaN
wheat,HR03,20210310,NaN
wheat,HR04,20210310,NaN
wheat,HR03,20210320,NaN
wheat,HR04,20210320,0.0
wheat,HR03,20210331,NaN
wheat,HR04,20210331,0.0
wheat,HR03,20210410,NaN
wheat,HR04,20210410,0.0
wheat,HR03,20210420,NaN
wheat,HR04,20210420,0.0
wheat,HR03,20210430,NaN
wheat,HR04,20210430,0.0
wheat,HR03,20210510,NaN
wheat,HR04,20210510,0.0
wheat,HR03,20210520,NaN
wheat,HR04,20210520,0.0
wheat,HR03,20210531,NaN
wheat,HR04,20210531,0.0
wheat,HR03,20210610,NaN
wheat,HR04,20210610,0.0
wheat,HR03,20210620,NaN
wheat,HR04,20210620,131.9677276611328
wheat,HR03,20210630,NaN
wheat,HR04,20210630,1263.385986328125
wheat,HR03,20210710,NaN
wheat,HR04,20210710,2525.859375
wheat,HR03,20210720,NaN
wheat,HR04,20210720,3355.6328125
wheat,HR03,20210731,NaN
wheat,HR04,20210731,4396.13134765625
wheat,HR03,20210810,NaN
wheat,HR04,20210810,4639.71533203125
wheat,HR03,20210820,NaN
wheat,HR04,20210820,4649.69873046875
wheat,HR03,20210831,NaN
wheat,HR04,20210831,4669.43896484375
wheat,HR03,20210910,NaN
wheat,HR04,20210910,4670.7900390625
wheat,HR03,20210920,NaN
wheat,HR04,20210920,4670.7900390625
wheat,HR03,20210930,NaN
wheat,HR04,20210930,4670.7900390625
wheat,HR03,20211010,NaN
wheat,HR04,20211010,4670.794921875
wheat,HR03,20211020,NaN
wheat,HR04,20211020,4670.794921875
wheat,HR03,20211031,NaN
wheat,HR04,20211031,4670.794921875
wheat,HR03,20211110,NaN
wheat,HR04,20211110,4670.794921875
wheat,HR03,20211120,NaN
wheat,HR04,20211120,4670.794921875
wheat,HR03,20211130,NaN
wheat,HR04,20211130,4670.794921875
wheat,HR03,20211210,NaN
wheat,HR04,20211210,4670.79833984375
wheat,HR03,20211220,NaN
wheat,HR04,20211220,4670.79833984375
wheat,HR03,20211231,NaN
wheat,HR04,20211231,4670.79833984375
wheat,HR03,20220120,NaN
wheat,HR04,20220120,NaN
wheat,HR03,20220131,NaN
wheat,HR04,20220131,NaN
wheat,HR03,20220210,NaN
wheat,HR04,20220210,NaN
wheat,HR03,20220220,NaN
wheat,HR04,20220220,NaN
wheat,HR03,20220228,NaN
wheat,HR04,20220228,NaN
wheat,HR03,20220310,NaN
wheat,HR04,20220310,NaN
wheat,HR03,20220320,NaN
wheat,HR04,20220320,0.0
wheat,HR03,20220331,NaN
wheat,HR04,20220331,0.0
wheat,HR03,20220410,NaN
wheat,HR04,20220410,0.0
wheat,HR03,20220420,NaN
wheat,HR04,20220420,0.0
wheat,HR03,20220430,NaN
wheat,HR04,20220430,0.0
wheat,HR03,20220510,NaN
wheat,HR04,20220510,0.0
wheat,HR03,20220520,NaN
wheat,HR04,20220520,0.0
wheat,HR03,20220531,NaN
wheat,HR04,20220531,0.0
wheat,HR03,20220610,NaN
wheat,HR04,20220610,47.88592147827149
wheat,HR03,20220620,NaN
wheat,HR04,20220620,1712.738037109375
wheat,HR03,20220630,NaN
wheat,HR04,20220630,3508.8818359375
wheat,HR03,20220710,NaN
wheat,HR04,20220710,4854.79052734375
wheat,HR03,20220720,NaN
wheat,HR04,20220720,5831.849609375
wheat,HR03,20220731,NaN
wheat,HR04,20220731,6286.08251953125
wheat,HR03,20220810,NaN
wheat,HR04,20220810,6363.4267578125
wheat,HR03,20220820,NaN
wheat,HR04,20220820,6351.89501953125
wheat,HR03,20220831,NaN
wheat,HR04,20220831,6350.505859375
wheat,HR03,20220910,NaN
wheat,HR04,20220910,6349.90380859375
wheat,HR03,20220920,NaN
wheat,HR04,20220920,6350.11474609375
wheat,HR03,20220930,NaN
wheat,HR04,20220930,6349.82568359375
wheat,HR03,20221010,NaN
wheat,HR04,20221010,6349.859375
wheat,HR03,20221020,NaN
wheat,HR04,20221020,6349.859375
wheat,HR03,20221031,NaN
wheat,HR04,20221031,6349.859375
wheat,HR03,20221110,NaN
wheat,HR04,20221110,6349.859375
wheat,HR03,20221120,NaN
wheat,HR04,20221120,6349.859375
wheat,HR03,20221130,NaN
wheat,HR04,20221130,6349.859375
wheat,HR03,20221210,NaN
wheat,HR04,20221210,6349.859375
wheat,HR03,20230120,NaN
wheat,HR04,20230120,NaN
wheat,HR03,20230131,NaN
wheat,HR04,20230131,NaN
wheat,HR03,20230210,NaN
wheat,HR04,20230210,NaN
wheat,HR03,20230220,NaN
wheat,HR04,20230220,NaN
wheat,HR03,20230228,NaN
wheat,HR04,20230228,NaN
wheat,HR03,20230310,NaN
wheat,HR04,20230310,NaN
wheat,HR03,20230320,NaN
wheat,HR04,20230320,0.0
wheat,HR03,20230331,NaN
wheat,HR04,20230331,0.0
wheat,HR03,20230410,NaN
wheat,HR04,20230410,0.0
wheat,HR03,20230420,NaN
wheat,HR04,20230420,0.0
wheat,HR03,20230430,NaN
wheat,HR04,20230430,0.0
wheat,HR03,20230510,NaN
wheat,HR04,20230510,0.0
wheat,HR03,20230520,NaN
wheat,HR04,20230520,0.0
wheat,HR03,20230531,NaN
wheat,HR04,20230531,0.0
wheat,HR03,20230610,NaN
wheat,HR04,20230610,0.0
wheat,HR03,20230620,NaN
wheat,HR04,20230620,871.11376953125
wheat,HR03,20230630,NaN
wheat,HR04,20230630,2213.54150390625
wheat,HR03,20230710,NaN
wheat,HR04,20230710,3597.448486328125
wheat,HR03,20230720,NaN
wheat,HR04,20230720,4560.7470703125
wheat,HR03,20230731,NaN
wheat,HR04,20230731,5212.71435546875
wheat,HR03,20230810,NaN
wheat,HR04,20230810,5374.21728515625
wheat,HR03,20230820,NaN
wheat,HR04,20230820,5381.60595703125
wheat,HR03,20230831,NaN
wheat,HR04,20230831,5380.7080078125
wheat,HR03,20230910,NaN
wheat,HR04,20230910,5380.3662109375
